cid,combinations,success,failure,successPercentage
1,HHHHHH,7,6,54
2,LHHHHH,2,11,15
3,HLHHHH,2,6,25
4,LLHHHH,1,8,11
5,HHLHHH,1,5,17
6,LHLHHH,3,12,20
7,HLLHHH,4,7,36
8,LLLHHH,3,15,17
9,HHHLHH,1,7,13
10,LHHLHH,5,6,45
11,HLHLHH,3,12,20
12,LLHLHH,1,9,10
13,HHLLHH,3,8,27
14,LHLLHH,3,12,20
15,HLLLHH,4,14,22
16,LLLLHH,2,14,13
17,HHHHLH,4,8,33
18,LHHHLH,1,4,20
19,HLHHLH,3,6,33
20,LLHHLH,5,10,33
21,HHLHLH,4,6,40
22,LHLHLH,4,13,24
23,HLLHLH,3,4,43
24,LLLHLH,4,15,21
25,HHHLLH,1,8,11
26,LHHLLH,3,10,23
27,HLHLLH,4,13,24
28,LLHLLH,5,11,31
29,HHLLLH,3,3,50
30,LHLLLH,3,12,20
31,HLLLLH,2,9,18
32,LLLLLH,2,12,14
33,HHHHHL,5,6,45
34,LHHHHL,3,6,33
35,HLHHHL,4,5,44
36,LLHHHL,4,6,40
37,HHLHHL,5,9,36
38,LHLHHL,3,6,33
39,HLLHHL,5,11,31
40,LLLHHL,1,3,25
41,HHHLHL,2,10,17
42,LHHLHL,4,14,22
43,HLHLHL,5,12,29
44,LLHLHL,4,15,21
45,HHLLHL,1,11,8
46,LHLLHL,2,5,29
47,HLLLHL,1,14,7
48,LLLLHL,3,3,50
49,HHHHLL,3,13,19
50,LHHHLL,1,15,6
51,HLHHLL,4,9,31
52,LLHHLL,1,9,10
53,HHLHLL,4,10,29
54,LHLHLL,5,10,33
55,HLLHLL,1,14,7
56,LLLHLL,3,9,25
57,HHHLLL,3,12,20
58,LHHLLL,4,7,36
59,HLHLLL,2,14,13
60,LLHLLL,4,5,44
61,HHLLLL,2,6,25
62,LHLLLL,1,3,25
63,HLLLLL,4,12,25
64,LLLLLL,1,13,7
