<?xml version="1.0" encoding="UTF-8" ?>
<!--
 - for best index size and searching performance, set "index" to false
    for all general text fields, use copyField to copy them to the
    catchall "text" field, and use that for searching.
-->

<schema name="CreativeWorkSchema" version="1.5">
    <field name="_version_" type="long" indexed="true" stored="true"/>

    <field name="id" type="int" indexed="true" stored="true" required="true" multiValued="false"/>
    <uniqueKey>id</uniqueKey>

    <field name="name" type="string" indexed="true" stored="true" required="false"/>
    <field name="datepublished" type="string" indexed="true" stored="true" required="false"/>
    <field name="additional_info" type="text_general" indexed="true" stored="true" required="false"/>
    <field name="description" type="string" indexed="true" stored="true" required="false"/>
    <field name="image" type="string" indexed="true" stored="true" multiValued="false" required="false"/>
    <field name="director" type="lowercase" indexed="true" stored="true" multiValued="true" required="false" omitNorms="true"/>
    <field name="author" type="string" indexed="true" stored="true" multiValued="true" required="false" omitNorms="true"/>
    <field name="cast" type="lowercase" indexed="true" stored="true" multiValued="true" required="false" omitNorms="true"/>
    <field name="category" type="string" indexed="true" stored="true" required="false"/>
    <field name="timerequired" type="string" indexed="true" stored="true" required="false"/>
    <field name="genre" type="lowercase" indexed="true" stored="true" multiValued="true" required="false" omitNorms="true"/>
    <field name="contentrating" type="string" indexed="true" stored="true" required="false"/>
    <field name="aggregaterating" type="int" indexed="true" stored="true" required="false"/>
    <field name="producer" type="string" indexed="true" stored="true" multiValued="true" required="false" omitNorms="true"/>

    <field name="name_lowercase" type="lowercase" indexed="true" stored="false"/>
    <copyField source="name" dest="name_lowercase"/>

    <field name="fillratescore" type="float" indexed="true" stored="true" required="false"/>
    <!-- fieldType name="category" class="solr.EnumField" enumsConfig="enumsConfig.xml" enumName="category"/ -->

    <field name="niche_items" type="payloads" indexed="true" stored="true" multiValued="false" required="false"/>
    <field name="popular_items" type="payloads" indexed="true" stored="true" multiValued="false" required="false"/>
    <field name="discovery_items" type="payloads" indexed="true" stored="true" multiValued="false" required="false"/>

    <field name="ent_niche_items" type="payloads" indexed="true" stored="true" multiValued="false" required="false"/>
    <field name="ent_popular_items" type="payloads" indexed="true" stored="true" multiValued="false" required="false"/>
    <field name="ent_discovery_items" type="payloads" indexed="true" stored="true" multiValued="false" required="false"/>

    <dynamicField name="random_*" type="random"/>

    <fieldType name="string" class="solr.StrField" sortMissingLast="true"/>

    <fieldType name="int" class="solr.TrieIntField" precisionStep="0" positionIncrementGap="0"/>
    <fieldType name="float" class="solr.TrieFloatField" precisionStep="0" positionIncrementGap="0"/>
    <fieldType name="long" class="solr.TrieLongField" precisionStep="0" positionIncrementGap="0"/>

    <fieldType name="random" class="solr.RandomSortField" indexed="true"/>

    <fieldType name="payloads" stored="false" indexed="true" class="solr.TextField" omitNorms="true">
        <analyzer>
            <tokenizer class="solr.WhitespaceTokenizerFactory"/>
            <!--
            The DelimitedPayloadTokenFilter can put payloads on tokens... for example,
            a token of "foo|1.4"  would be indexed as "foo" with a payload of 1.4f
            Attributes of the DelimitedPayloadTokenFilterFactory :
            "delimiter" - a one character delimiter. Default is | (pipe)
            "encoder" - how to encode the following value into a playload
            float -> org.apache.lucene.analysis.payloads.FloatEncoder,
            integer -> o.a.l.a.p.IntegerEncoder
            identity -> o.a.l.a.p.IdentityEncoder
                Fully Qualified class name implementing PayloadEncoder, Encoder must have a no arg constructor.
             -->
            <filter class="solr.DelimitedPayloadTokenFilterFactory" encoder="float"/>
        </analyzer>
        <similarity class="com.crayondata.cp.solr.ext.PayloadSimilarityFactory"/>
    </fieldType>

    <!-- lowercases the entire field value, keeping it as a single token.  -->
    <fieldType name="lowercase" class="solr.TextField" positionIncrementGap="100">
        <analyzer>
            <tokenizer class="solr.KeywordTokenizerFactory"/>
            <filter class="solr.LowerCaseFilterFactory"/>
        </analyzer>
    </fieldType>

    <fieldType name="text_general" class="solr.TextField" positionIncrementGap="100">
        <analyzer type="index">
            <tokenizer class="solr.StandardTokenizerFactory"/>
            <filter class="solr.LowerCaseFilterFactory"/>
        </analyzer>
        <analyzer type="query">
            <tokenizer class="solr.StandardTokenizerFactory"/>
            <filter class="solr.LowerCaseFilterFactory"/>
        </analyzer>
    </fieldType>

    <similarity class="solr.SchemaSimilarityFactory"/>
</schema>
