<?xml version="1.0" encoding="UTF-8" ?>
<schema name="LocalBusinessSchema" version="1.5">
    <field name="_version_" type="long" indexed="true" stored="true"/>

    <field name="id" type="int" indexed="true" stored="true" required="true" multiValued="false"/>
    <uniqueKey>id</uniqueKey>

    <field name="name" type="string" indexed="true" stored="true" required="false"/>

    <field name="description" type="text_general" indexed="true" stored="true" required="false"/>
    <field name="additional_info" type="text_general" indexed="true" stored="true" required="false"/>
    <field name="addresscountry" type="string" indexed="true" stored="true" required="false"/>
    <field name="telephone" type="string" indexed="true" stored="true" required="false"/>
    <field name="aggregaterating" type="int" indexed="true" stored="true" required="false"/>
    <field name="foodrating" type="int" indexed="true" stored="true" required="false"/>
    <field name="valuerating" type="int" indexed="true" stored="true" required="false"/>
    <field name="ambiencerating" type="int" indexed="true" stored="true" required="false"/>
    <field name="servicerating" type="int" indexed="true" stored="true" required="false"/>
    <field name="cleanlinessrating" type="int" indexed="true" stored="true" required="false"/>
    <field name="locationrating" type="int" indexed="true" stored="true" required="false"/>

    <field name="cuisine" type="lowercase" indexed="true" stored="true" multiValued="true" required="false" omitNorms="true"/>
    <field name="cuisine_count" type="int" indexed="true" stored="true" multiValued="false" required="false"/>

    <!-- make this an enum
    1 = "Low",
    2 = "Medium",
    3 = "High",
    4 = "Very High" -->
    <field name="price" type="string" indexed="true" stored="true" required="false"/>

    <field name="amenities" type="string" indexed="true" stored="true" multiValued="true" required="false" omitNorms="true"/>
    <field name="options" type="string" indexed="true" stored="true" multiValued="true" required="false" omitNorms="true"/>

    <field name="name_lowercase" type="lowercase" indexed="true" stored="false"/>
    <copyField source="name" dest="name_lowercase"/>

    <field name="address" type="string" indexed="true" stored="true" required="false"/>
    <field name="addresscity" type="string" indexed="true" stored="true" required="false"/>
    <field name="image" type="string" indexed="true" stored="true" required="false" multiValued="false"/>
    <field name="geo" type="location" indexed="true" stored="true" required="false"/>
    <field name="email" type="string" indexed="true" stored="true" required="false"/>
    <field name="website" type="string" indexed="true" stored="true" required="false"/>

    <field name="category" type="string" indexed="true" stored="true" required="false"/>
    <!-- fieldType name="category" class="solr.EnumField" enumsConfig="enumsConfig.xml" enumName="category"/ -->

    <field name="external_category" type="string" indexed="true" stored="true" required="false"/>
    <field name="hasOffer" type="boolean" indexed="true" stored="true" required="false"/>

    <field name="stars" type="int" indexed="true" stored="true" required="false"/>
    <field name="type" type="string" indexed="true" stored="true" required="false" multiValued="true" omitNorms="true"/>

    <field name="fillratescore" type="float" indexed="true" stored="true" required="false"/>

    <field name="niche_items" type="payloads" indexed="true" stored="true" multiValued="false" required="false"/>
    <field name="popular_items" type="payloads" indexed="true" stored="true" multiValued="false" required="false"/>
    <field name="discovery_items" type="payloads" indexed="true" stored="true" multiValued="false" required="false"/>

    <field name="ent_niche_items" type="payloads" indexed="true" stored="true" multiValued="false" required="false"/>
    <field name="ent_popular_items" type="payloads" indexed="true" stored="true" multiValued="false" required="false"/>
    <field name="ent_discovery_items" type="payloads" indexed="true" stored="true" multiValued="false" required="false"/>

    <!-- Below are used by KRP team -->
    <field name="keywords" type="text_general" indexed="true" stored="true" required="false" multiValued="true" termVectors="true"/>
    <field name="sentiment" type="float" indexed="true" stored="true" required="false" multiValued="false" termVectors="true"/>

    <!-- Type used to index the lat and lon components for the "location" FieldType -->
    <dynamicField name="*_coordinate" type="tdouble" indexed="true" stored="false"/>
    <dynamicField name="random_*" type="random"/>

    <fieldType name="string" class="solr.StrField" sortMissingLast="true"/>
    <fieldType name="boolean" class="solr.BoolField" sortMissingLast="true"/>

    <fieldType name="int" class="solr.TrieIntField" precisionStep="0" positionIncrementGap="0"/>
    <fieldType name="float" class="solr.TrieFloatField" precisionStep="0" positionIncrementGap="0"/>
    <fieldType name="long" class="solr.TrieLongField" precisionStep="0" positionIncrementGap="0"/>

    <fieldType name="tdouble" class="solr.TrieDoubleField" precisionStep="8" positionIncrementGap="0"/>
    <fieldType name="random" class="solr.RandomSortField" indexed="true"/>

    <fieldType name="payloads" stored="false" indexed="true" class="solr.TextField" omitNorms="true">
        <analyzer>
            <tokenizer class="solr.WhitespaceTokenizerFactory"/>
            <!--
            The DelimitedPayloadTokenFilter can put payloads on tokens... for example,
            a token of "foo|1.4"  would be indexed as "foo" with a payload of 1.4f
            Attributes of the DelimitedPayloadTokenFilterFactory :
            "delimiter" - a one character delimiter. Default is | (pipe)
            "encoder" - how to encode the following value into a playload
            float -> org.apache.lucene.analysis.payloads.FloatEncoder,
            integer -> o.a.l.a.p.IntegerEncoder
            identity -> o.a.l.a.p.IdentityEncoder
                Fully Qualified class name implementing PayloadEncoder, Encoder must have a no arg constructor.
             -->
            <filter class="solr.DelimitedPayloadTokenFilterFactory" encoder="float"/>
        </analyzer>
        <similarity class="com.crayondata.cp.solr.ext.PayloadSimilarityFactory"/>
    </fieldType>

    <!-- A specialized field for geospatial search. If indexed, this fieldType must not be multivalued. -->
    <fieldType name="location" class="solr.LatLonType" subFieldSuffix="_coordinate"/>

    <fieldType name="lowercase" class="solr.TextField" positionIncrementGap="100">
        <analyzer>
            <tokenizer class="solr.KeywordTokenizerFactory"/>
            <filter class="solr.LowerCaseFilterFactory"/>
        </analyzer>
    </fieldType>

    <fieldType name="text_general" class="solr.TextField" positionIncrementGap="100">
        <analyzer type="index">
            <tokenizer class="solr.StandardTokenizerFactory"/>
            <filter class="solr.LowerCaseFilterFactory"/>
        </analyzer>
        <analyzer type="query">
            <tokenizer class="solr.StandardTokenizerFactory"/>
            <filter class="solr.LowerCaseFilterFactory"/>
        </analyzer>
    </fieldType>

    <similarity class="solr.SchemaSimilarityFactory"/>
    
    <!-- CS attributes -->
	<field name="cs_imp_cuisine" type="text_en" indexed="true" stored="true" required="false" multiValued="true" termVectors="true"/>
	<field name="cs_imp_meal" type="text_en" indexed="true" stored="true" required="false" multiValued="true" termVectors="true"/>
	<field name="cs_imp_establishment" type="text_en" indexed="true" stored="true" required="false" multiValued="true" termVectors="true"/>
	<field name="cs_notimp_dish" type="text_en" indexed="true" stored="true" required="false" multiValued="true" termVectors="true"/>
	<field name="cs_notimp_beverages" type="text_en" indexed="true" stored="true" required="false" multiValued="true" termVectors="true"/>
	<field name="cs_notimp_chef" type="text_en" indexed="true" stored="true" required="false" multiValued="true" termVectors="true"/>
	<field name="cs_notimp_cookingmethod" type="text_en" indexed="true" stored="true" required="false" multiValued="true" termVectors="true"/>
	<field name="cs_notimp_ingredient" type="text_en" indexed="true" stored="true" required="false" multiValued="true" termVectors="true"/>
	<field name="cs_notimp_people" type="text_en" indexed="true" stored="true" required="false" multiValued="true" termVectors="true"/>
	<field name="cs_notimp_features" type="text_en" indexed="true" stored="true" required="false" multiValued="true" termVectors="true"/>
	<field name="cs_notimp_event" type="text_en" indexed="true" stored="true" required="false" multiValued="true" termVectors="true"/>
	<field name="cs_name" type="text_en" indexed="true" stored="false" required="false" multiValued="false" termVectors="true"/>
    <copyField source="name" dest="cs_name"/>
	<field name="cs_address" type="text_en" indexed="true" stored="false" required="false" multiValued="false" termVectors="true"/>
    <copyField source="address" dest="cs_address"/>
	<field name="cs_price" type="text_en" indexed="true" stored="false" required="false" multiValued="false" termVectors="true"/>
    <copyField source="price" dest="cs_price"/>
	<field name="offers" type="text_en" indexed="true" stored="true" required="false"/>
	<field name="accolades" type="string" indexed="true" stored="true" multiValued="true" required="false"/>
	<fieldType name="text_en" class="solr.TextField" positionIncrementGap="100">
	    <analyzer type="index">
	        <tokenizer class="solr.StandardTokenizerFactory"/>
	        <filter class="solr.StopFilterFactory" ignoreCase="true" words="lang/stopwords_en.txt"/>
	        <filter class="solr.LowerCaseFilterFactory"/>
	        <filter class="solr.EnglishPossessiveFilterFactory"/>
	        <filter class="solr.KeywordMarkerFilterFactory" protected="protwords.txt"/>
	        <filter class="solr.PorterStemFilterFactory"/>
	        <filter class="solr.EdgeNGramFilterFactory" minGramSize="2" maxGramSize="15" />
	        <filter class="solr.ReverseStringFilterFactory"/>
	        <filter class="solr.EdgeNGramFilterFactory" minGramSize="2" maxGramSize="15" />
	        <filter class="solr.ReverseStringFilterFactory"/>
	    </analyzer>
	    <analyzer type="query">
	        <tokenizer class="solr.StandardTokenizerFactory"/>
	        <filter class="solr.SynonymFilterFactory" synonyms="synonyms.txt" ignoreCase="true" expand="true"/>
	        <filter class="solr.StopFilterFactory" ignoreCase="true" words="lang/stopwords_en.txt"/>
	        <filter class="solr.LowerCaseFilterFactory"/>
	        <filter class="solr.EnglishPossessiveFilterFactory"/>
	        <filter class="solr.KeywordMarkerFilterFactory" protected="protwords.txt"/>
	        <filter class="solr.PorterStemFilterFactory"/>
	    </analyzer>
	</fieldType>
	<!-- CS attributes ends -->
</schema>
