<?xml version="1.0" encoding="UTF-8" ?>
<config>
  <luceneMatchVersion>5.2.0</luceneMatchVersion>

  <lib dir="${solr.install.dir:../../../..}/dist/" regex="solr-dataimporthandler-.*\.jar" />

  <lib dir="${solr.install.dir:../../../..}/contrib/extraction/lib" regex=".*\.jar" />
  <lib dir="${solr.install.dir:../../../..}/dist/" regex="solr-cell-\d.*\.jar" />

  <lib dir="${solr.install.dir:../../../..}/contrib/clustering/lib/" regex=".*\.jar" />
  <lib dir="${solr.install.dir:../../../..}/dist/" regex="solr-clustering-\d.*\.jar" />

  <lib dir="${solr.install.dir:../../../..}/contrib/langid/lib/" regex=".*\.jar" />
  <lib dir="${solr.install.dir:../../../..}/dist/" regex="solr-langid-\d.*\.jar" />

  <lib dir="${solr.install.dir:../../../..}/contrib/velocity/lib" regex=".*\.jar" />
  <lib dir="${solr.install.dir:../../../..}/dist/" regex="solr-velocity-\d.*\.jar" />

  <!-- Custom/Crayon developed plugins for Solr goes into this library directory
    -->
  <lib dir="${solr.install.dir:../../../..}/contrib/custom/lib/" regex=".*\.jar" />

  <dataDir>${solr.data.dir:}</dataDir>

 
  <directoryFactory name="DirectoryFactory" 
                    class="${solr.directoryFactory:solr.NRTCachingDirectoryFactory}">
    <str name="solr.hdfs.home">${solr.hdfs.home:}</str>
    <!-- The hadoop configuration files to use for the hdfs client. -->    
    <str name="solr.hdfs.confdir">${solr.hdfs.confdir:}</str>
    <!-- Enable/Disable the hdfs cache. -->    
    <str name="solr.hdfs.blockcache.enabled">${solr.hdfs.blockcache.enabled:true}</str>
    <!-- Enable/Disable using one global cache for all SolrCores. 
         The settings used will be from the first HdfsDirectoryFactory created. -->    
    <str name="solr.hdfs.blockcache.global">${solr.hdfs.blockcache.global:true}</str>
    
  </directoryFactory> 

  <codecFactory class="solr.SchemaCodecFactory"/>

  <schemaFactory class="ClassicIndexSchemaFactory"/>

  
  <indexConfig>
   
    <lockType>${solr.lock.type:native}</lockType>

    <unlockOnStartup>true</unlockOnStartup>

     <infoStream>true</infoStream>
  </indexConfig>
  <jmx />
 
  <query>
    <maxBooleanClauses>1024</maxBooleanClauses>
    <filterCache class="solr.FastLRUCache"
                 size="30000"
                 initialSize="5000"
                 autowarmCount="0"/>

    <queryResultCache class="solr.LRUCache"
                     size="30000"
                     initialSize="5000"
                     autowarmCount="0"/>
   
    <documentCache class="solr.LRUCache"
                   size="30000"
                   initialSize="5000"
                   autowarmCount="0"/>
    
    <!-- custom cache currently used by block join --> 
    <cache name="perSegFilter"
      class="solr.search.LRUCache"
      size="10"
      initialSize="0"
      autowarmCount="10"
      regenerator="solr.NoOpRegenerator" />

    <enableLazyFieldLoading>true</enableLazyFieldLoading>

   <queryResultWindowSize>20</queryResultWindowSize>

   <!-- Maximum number of documents to cache for any entry in the
        queryResultCache. 
     -->
   <queryResultMaxDocsCached>200</queryResultMaxDocsCached>
    <listener event="firstSearcher" class="solr.QuerySenderListener">
      <arr name="queries">
        <lst>
          <str name="q">static firstSearcher warming in solrconfig.xml</str>
        </lst>
      </arr>
    </listener>

    <useColdSearcher>false</useColdSearcher>

    <maxWarmingSearchers>2</maxWarmingSearchers>

  </query>
 
  <requestDispatcher handleSelect="false" >
    <requestParsers enableRemoteStreaming="true" 
                    multipartUploadLimitInKB="2048000"
                    formdataUploadLimitInKB="2048"
                    addHttpRequestToContext="false"/>
   
    <httpCaching never304="true" />
  </requestDispatcher>

  
  <requestHandler name="/select" class="solr.SearchHandler">
    <!-- default values for query parameters can be specified, these
         will be overridden by parameters in the request
      -->
     <lst name="defaults">
       <str name="echoParams">explicit</str>
     </lst>
    </requestHandler>

   <searchComponent name="recommender"	class="com.crayondata.cp.solr.ext.MayaRecommenderComponent" >
	</searchComponent>
	<transformer name="rawscores" class="com.crayondata.cp.solr.ext.RecommenderScoreAugmenterFactory" />
  	<requestHandler name="/recommend" class="solr.SearchHandler">
    	<lst name="defaults">
            <str name="rows">18</str>
            <str name="fl">id,category,name,image,description,additional_info,aggregaterating,price,options,cuisine,foodrating,valuerating,servicerating,ambiencerating,type,locationrating, cleanlinessrating,stars,amenities,website,email,telephone,addresscountry,geo,addresscity,address,distance,overall_score:score</str>
    	</lst>
    
    	<arr name="components">
      		<str>query</str>
      		<str>recommender</str>
    	</arr>
  	</requestHandler>
  	<queryParser name="tg" class="com.crayondata.cp.solr.ext.PayloadQParserPlugin" />
  
  <!-- A request handler that returns indented JSON by default -->
  <requestHandler name="/query" class="solr.SearchHandler">
     <lst name="defaults">
       <str name="echoParams">explicit</str>
       <str name="wt">json</str>
       <str name="indent">true</str>
       <str name="df">name</str>
     </lst>
  </requestHandler>

  <requestHandler name="/get" class="solr.RealTimeGetHandler">
     <lst name="defaults">
       <str name="omitHeader">true</str>
       <str name="wt">json</str>
       <str name="indent">true</str>
     </lst>
  </requestHandler>

  <requestHandler name="/browse" class="solr.SearchHandler">
    <lst name="defaults">
      <str name="echoParams">explicit</str>
      <!-- VelocityResponseWriter settings -->
      <str name="wt">velocity</str>
      <str name="v.template">browse</str>
      <str name="v.layout">layout</str>

      <!-- Query settings -->
      <str name="defType">edismax</str>
      <str name="q.alt">*:*</str>
      <str name="rows">10</str>
      <str name="fl">*,score</str>
      <!-- Faceting defaults -->
      <str name="facet">on</str>
      <str name="facet.field">category</str>
      <str name="facet.field">addresscountry</str>
      <str name="facet.range">aggregaterating</str>
      <str name="facet.range.start">1</str>
      <str name="facet.range.end">1000</str>
      <str name="facet.range.gap">30</str>
      <str name="facet.pivot">category,addresscountry</str>
      <str name="facet.mincount">1</str>
      <str name="facet.limit">10</str>
       <str name="hl">on</str>
       <str name="hl.fl">address</str>
       <str name="f.address.hl.fragsize">0</str>
       <str name="f.address.hl.alternateField">address</str>
    </lst>
  </requestHandler>


  <initParams path="/query,/select,/tvrh,/elevate,/spell,/browse">
    <lst name="defaults">
      <str name="df">name</str>
    </lst>
  </initParams>
 
 
  <!-- ping/healthcheck -->
  <requestHandler name="/admin/ping" class="solr.PingRequestHandler">
    <lst name="invariants">
      <str name="q">solrpingquery</str>
    </lst>
    <lst name="defaults">
      <str name="echoParams">all</str>
    </lst>
  </requestHandler>


  <searchComponent name="clustering"
                   enable="${solr.clustering.enabled:false}"
                   class="solr.clustering.ClusteringComponent" >
    <lst name="engine">
      <str name="name">lingo</str>

      <str name="carrot.algorithm">org.carrot2.clustering.lingo.LingoClusteringAlgorithm</str>

      <str name="carrot.resourcesDir">clustering/carrot2</str>
    </lst>

    <lst name="engine">
      <str name="name">stc</str>
      <str name="carrot.algorithm">org.carrot2.clustering.stc.STCClusteringAlgorithm</str>
    </lst>

    <!-- An example definition for the bisecting kmeans clustering algorithm. -->
    <lst name="engine">
      <str name="name">kmeans</str>
      <str name="carrot.algorithm">org.carrot2.clustering.kmeans.BisectingKMeansClusteringAlgorithm</str>
    </lst>
  </searchComponent>

 <requestHandler name="/clustering"
                  startup="lazy"
                  enable="true"
                  class="solr.SearchHandler">
    <lst name="defaults">
      <bool name="clustering">true</bool>
      <bool name="clustering.results">true</bool>
      <!-- Field name with the logical "title" of a each document (optional) -->
      <str name="carrot.title">name</str>
      <!-- Field name with the logical "URL" of a each document (optional) -->
      <str name="carrot.url">id</str>
      <!-- Field name with the logical "content" of a each document (optional) -->
      <str name="carrot.snippet">address</str>
      <!-- Apply highlighter to the title/ content and use this for clustering. -->
      <bool name="carrot.produceSummary">true</bool>
      <!-- the maximum number of labels per cluster -->
      <!--<int name="carrot.numDescriptions">5</int>-->
      <!-- produce sub clusters -->
      <bool name="carrot.outputSubClusters">false</bool>

      <!-- Configure the remaining request handler parameters. -->
      <str name="defType">edismax</str>
      <str name="qf">
        name^0.5
      </str>
      <str name="q.alt">*:*</str>
      <str name="rows">10</str>
      <str name="fl">*,score</str>
    </lst>
    <arr name="last-components">
      <str>clustering</str>
    </arr>
  </requestHandler>
  
  <searchComponent name="terms" class="solr.TermsComponent"/>
  <requestHandler name="/terms" class="solr.SearchHandler" startup="lazy">
     <lst name="defaults">
      <bool name="terms">true</bool>
      <bool name="distrib">false</bool>
    </lst>     
    <arr name="components">
      <str>terms</str>
    </arr>
  </requestHandler>
  <searchComponent class="solr.HighlightComponent" name="highlight">
    <highlighting>
      <!-- Configure the standard fragmenter -->
      <!-- This could most likely be commented out in the "default" case -->
      <fragmenter name="gap" 
                  default="true"
                  class="solr.highlight.GapFragmenter">
        <lst name="defaults">
          <int name="hl.fragsize">100</int>
        </lst>
      </fragmenter>

      <!-- A regular-expression-based fragmenter 
           (for sentence extraction) 
        -->
      <fragmenter name="regex" 
                  class="solr.highlight.RegexFragmenter">
        <lst name="defaults">
          <!-- slightly smaller fragsizes work better because of slop -->
          <int name="hl.fragsize">70</int>
          <!-- allow 50% slop on fragment sizes -->
          <float name="hl.regex.slop">0.5</float>
          <!-- a basic sentence pattern -->
          <str name="hl.regex.pattern">[-\w ,/\n\&quot;&apos;]{20,200}</str>
        </lst>
      </fragmenter>

      <!-- Configure the standard formatter -->
      <formatter name="html" 
                 default="true"
                 class="solr.highlight.HtmlFormatter">
        <lst name="defaults">
          <str name="hl.simple.pre"><![CDATA[<em>]]></str>
          <str name="hl.simple.post"><![CDATA[</em>]]></str>
        </lst>
      </formatter>

      <!-- Configure the standard encoder -->
      <encoder name="html" 
               class="solr.highlight.HtmlEncoder" />

      <!-- Configure the standard fragListBuilder -->
      <fragListBuilder name="simple" 
                       class="solr.highlight.SimpleFragListBuilder"/>
      
      <!-- Configure the single fragListBuilder -->
      <fragListBuilder name="single" 
                       class="solr.highlight.SingleFragListBuilder"/>
      
      <!-- Configure the weighted fragListBuilder -->
      <fragListBuilder name="weighted" 
                       default="true"
                       class="solr.highlight.WeightedFragListBuilder"/>
      
      <!-- default tag FragmentsBuilder -->
      <fragmentsBuilder name="default" 
                        default="true"
                        class="solr.highlight.ScoreOrderFragmentsBuilder">
        <!-- 
        <lst name="defaults">
          <str name="hl.multiValuedSeparatorChar">/</str>
        </lst>
        -->
      </fragmentsBuilder>

      <!-- multi-colored tag FragmentsBuilder -->
      <fragmentsBuilder name="colored" 
                        class="solr.highlight.ScoreOrderFragmentsBuilder">
        <lst name="defaults">
          <str name="hl.tag.pre"><![CDATA[
               <b style="background:yellow">,<b style="background:lawgreen">,
               <b style="background:aquamarine">,<b style="background:magenta">,
               <b style="background:palegreen">,<b style="background:coral">,
               <b style="background:wheat">,<b style="background:khaki">,
               <b style="background:lime">,<b style="background:deepskyblue">]]></str>
          <str name="hl.tag.post"><![CDATA[</b>]]></str>
        </lst>
      </fragmentsBuilder>
      
      <boundaryScanner name="default" 
                       default="true"
                       class="solr.highlight.SimpleBoundaryScanner">
        <lst name="defaults">
          <str name="hl.bs.maxScan">10</str>
          <str name="hl.bs.chars">.,!? &#9;&#10;&#13;</str>
        </lst>
      </boundaryScanner>
      
      <boundaryScanner name="breakIterator" 
                       class="solr.highlight.BreakIteratorBoundaryScanner">
        <lst name="defaults">
          <str name="hl.bs.type">WORD</str>
          <str name="hl.bs.language">en</str>
          <str name="hl.bs.country">US</str>
        </lst>
      </boundaryScanner>
    </highlighting>
  </searchComponent>

  <queryResponseWriter name="velocity" class="solr.VelocityResponseWriter" startup="lazy">
    <str name="template.base.dir">${velocity.template.base.dir:}</str>
  </queryResponseWriter>

  <!-- Adding the cuisine_count field to count the cuisines automatically at index time -->
  <updateRequestProcessorChain name="count-cuisines" default="true">
		<processor class="solr.CloneFieldUpdateProcessorFactory">
			<str name="source">cuisine</str>
			<str name="dest">cuisine_count</str>
		</processor>
		<processor class="solr.CountFieldValuesUpdateProcessorFactory">
			<str name="fieldName">cuisine_count</str>
		</processor>
		<processor class="solr.DefaultValueUpdateProcessorFactory">
			<str name="fieldName">cuisine_count</str>
			<int name="value">0</int>
		</processor>
		<processor class="solr.LogUpdateProcessorFactory" />
		<processor class="solr.RunUpdateProcessorFactory" />
	</updateRequestProcessorChain>
</config>