<assembly
	xmlns="http://maven.apache.org/plugins/maven-assembly-plugin/assembly/1.1.2"
	xmlns:xsi="http://www.w3.org/2001/XMLSchema-instance"
	xsi:schemaLocation="http://maven.apache.org/plugins/maven-assembly-plugin/assembly/1.1.2 http://maven.apache.org/xsd/assembly-1.1.2.xsd">
	<id>solr-config-files</id>
	<formats>
		<format>tar.gz</format>
	</formats>
	<baseDirectory>/</baseDirectory>

	<fileSets>
		<fileSet>
			<directory>${project.build.directory}/package/cp-solr-config-files</directory>
			<outputDirectory>/cp-solr-config-files</outputDirectory>
		</fileSet>
	</fileSets>
</assembly>