<?xml version="1.0" encoding="UTF-8" ?>

<schema name="TagsSchema" version="1.5">

    <field name="id" type="int" indexed="true" stored="true" required="true" multiValued="false"/>
    <field name="category" type="string" indexed="true" stored="true" required="false"/>
    <field name="tags" type="string" indexed="true" stored="true" required="false" multiValued="true"/>

    <!-- uncomment the following to ignore any fields that don't already match an existing
         field name or dynamic field, rather than reporting them as an error.
         alternately, change the type="ignored" to some other type e.g. "text" if you want
         unknown fields indexed and/or stored by default -->
    <dynamicField name="*" type="ignored" multiValued="true"/>

    <!-- Field to use to determine and enforce document uniqueness.
         Unless this field is marked with required="false", it will be a required field
      -->
    <uniqueKey>id</uniqueKey>

    <fieldType name="string" class="solr.StrField" sortMissingLast="true"/>
    <fieldType name="int" class="solr.TrieIntField" precisionStep="0" positionIncrementGap="0"/>

    <!-- since fields of this type are by default not stored or indexed,
         any data added to them will be ignored outright.  -->
    <fieldType name="ignored" stored="false" indexed="false" multiValued="true" class="solr.StrField"/>


</schema>
