<assembly
        xmlns="http://maven.apache.org/plugins/maven-assembly-plugin/assembly/1.1.2"
        xmlns:xsi="http://www.w3.org/2001/XMLSchema-instance"
        xsi:schemaLocation="http://maven.apache.org/plugins/maven-assembly-plugin/assembly/1.1.2 http://maven.apache.org/xsd/assembly-1.1.2.xsd">
    <id>bin</id>
    <formats>
        <format>tar.gz</format>
    </formats>
    <baseDirectory>/</baseDirectory>

    <dependencySets>
        <dependencySet>
            <includes>
                <include>*:evaluator:jar</include>
            </includes>
            <outputDirectory>jars</outputDirectory>
            <outputFileNameMapping>${artifact.artifactId}.${artifact.extension}</outputFileNameMapping>
            <useProjectArtifact>false</useProjectArtifact>
            <useTransitiveDependencies>false</useTransitiveDependencies>
        </dependencySet>
    </dependencySets>
    <fileSets>
        <fileSet>
            <directory>../evaluator/data</directory>
            <outputDirectory>data</outputDirectory>
        </fileSet>
    </fileSets>
</assembly>
