<?xml version="1.0" encoding="UTF-8"?>
<configuration>
	<springProfile name="default">
		<conversionRule conversionWord="wEx"
			converterClass="org.springframework.boot.logging.logback.ExtendedWhitespaceThrowableProxyConverter" />
		<appender name="CONSOLE"
			class="ch.qos.logback.core.ConsoleAppender">
			<encoder>
				<pattern>
					%d{yyyy-MM-dd HH:mm:ss.SSS} ${LOG_LEVEL_PATTERN:-%5p} ${PID:- } --- [%t] %-40.40logger{39} : %X{choiceId} %m%n${LOG_EXCEPTION_CONVERSION_WORD:-%wEx}
				</pattern>
				<charset>utf8</charset>
			</encoder>
		</appender>
		<appender name="SAVE-TO-FILE"
			class="ch.qos.logback.core.rolling.RollingFileAppender">
			<file>${LOG_PATH}/log.log</file>
			<encoder
				class="ch.qos.logback.classic.encoder.PatternLayoutEncoder">
				<Pattern>
					%d{dd-MM-yyyy HH:mm:ss.SSS} [%thread] %-5level %logger{36}.%M - %msg%n
				</Pattern>
			</encoder>
			<rollingPolicy
				class="ch.qos.logback.core.rolling.FixedWindowRollingPolicy">
				<fileNamePattern>${LOG_PATH}/log_%i.log</fileNamePattern>
				<minIndex>2</minIndex>
				<maxIndex>3</maxIndex>
			</rollingPolicy>
			<triggeringPolicy
				class="ch.qos.logback.core.rolling.SizeBasedTriggeringPolicy">
				<maxFileSize>1MB</maxFileSize>
			</triggeringPolicy>
		</appender>
		<root level="INFO">
			<appender-ref ref="CONSOLE" />
			<appender-ref ref="SAVE-TO-FILE"/>
		</root>
	</springProfile>
	<springProfile name="qa,prod">
		<conversionRule conversionWord="wEx"
			converterClass="org.springframework.boot.logging.logback.ExtendedWhitespaceThrowableProxyConverter" />
		<appender name="ROLLING-FILE"
			class="ch.qos.logback.core.rolling.RollingFileAppender">
			<file>${LOG_PATH}/application.log</file>
			<rollingPolicy
				class="ch.qos.logback.core.rolling.TimeBasedRollingPolicy">
				<!-- daily rollover -->
				<fileNamePattern>${LOG_PATH}/application.%d{yyyy-MM-dd}.%i.log.gz
				</fileNamePattern>

				<!-- keep 30 days worth of history <maxHistory>30</maxHistory> -->

				<timeBasedFileNamingAndTriggeringPolicy
					class="ch.qos.logback.core.rolling.SizeAndTimeBasedFNATP">
					<!-- or whenever the file size reaches 100MB -->
					<maxFileSize>100MB</maxFileSize>
				</timeBasedFileNamingAndTriggeringPolicy>
			</rollingPolicy>
			<Append>true</Append>
			<encoder>
				<pattern>
					%d{yyyy-MM-dd HH:mm:ss.SSS} ${LOG_LEVEL_PATTERN:-%5p} ${PID:- } --- [%t] %-40.40logger{39} : %X{choiceId} %m%n${LOG_EXCEPTION_CONVERSION_WORD:-%wEx}
				</pattern>
			</encoder>
		</appender>

		<appender name="ASYNC-FILE"
			class="ch.qos.logback.classic.AsyncAppender">
			<appender-ref ref="ROLLING-FILE" />
		</appender>

		<appender name="ACCESS-FILE"
			class="ch.qos.logback.core.rolling.RollingFileAppender">
			<file>${LOG_PATH}/response.log</file>
			<rollingPolicy
				class="ch.qos.logback.core.rolling.TimeBasedRollingPolicy">
				<!-- daily rollover -->
				<fileNamePattern>${LOG_PATH}/response.%d{yyyy-MM-dd}.%i.log.gz
				</fileNamePattern>

				<!-- keep 30 days worth of history <maxHistory>30</maxHistory> -->

				<timeBasedFileNamingAndTriggeringPolicy
					class="ch.qos.logback.core.rolling.SizeAndTimeBasedFNATP">
					<!-- or whenever the file size reaches 100MB -->
					<maxFileSize>100MB</maxFileSize>
				</timeBasedFileNamingAndTriggeringPolicy>
			</rollingPolicy>
			<append>true</append>
			<encoder>
				<pattern>%msg%n</pattern>
			</encoder>
		</appender>
		<root level="INFO">
			<appender-ref ref="ASYNC-FILE" />
		</root>
		<logger name="com.crayondata.maya.filters.AccessLogFilter"
			level="INFO" additivity="false">
			<appender-ref ref="ACCESS-FILE" />
		</logger>
	</springProfile>
</configuration>
